category,code
水産・農林業,1301
水産・農林業,1332
水産・農林業,1333
水産・農林業,1375
水産・農林業,1376
水産・農林業,1377
水産・農林業,1379
水産・農林業,1380
水産・農林業,1381
水産・農林業,1382
水産・農林業,1383
水産・農林業,1384
建設業,1400
建設業,1401
建設業,1407
建設業,1414
建設業,1417
建設業,1418
建設業,1419
建設業,1420
建設業,1429
建設業,1430
建設業,1431
建設業,1432
建設業,1433
建設業,1434
建設業,1435
建設業,1436
建設業,1439
建設業,1440
建設業,1443
建設業,1445
建設業,1446
建設業,1447
建設業,1450
建設業,1451
建設業,1452
非鉄金属,1491
鉱業,1514
鉱業,1515
鉱業,1518
鉱業,1605
鉱業,1662
鉱業,1663
建設業,1711
建設業,1712
建設業,1716
サービス業,1717
建設業,1718
建設業,1719
建設業,1720
建設業,1721
建設業,1723
建設業,1724
建設業,1726
建設業,1730
建設業,1736
建設業,1739
建設業,1743
建設業,1757
建設業,1758
建設業,1762
建設業,1764
建設業,1766
建設業,1768
建設業,1770
建設業,1773
建設業,1775
建設業,1776
建設業,1780
建設業,1783
建設業,1786
建設業,1787
建設業,1788
建設業,1789
建設業,1793
建設業,1795
建設業,1798
建設業,1799
建設業,1801
建設業,1802
建設業,1803
建設業,1805
建設業,1807
建設業,1808
建設業,1810
建設業,1811
建設業,1812
建設業,1813
建設業,1814
建設業,1815
建設業,1820
建設業,1821
建設業,1822
建設業,1826
建設業,1827
建設業,1828
建設業,1833
建設業,1835
建設業,1840
建設業,1841
建設業,1844
建設業,1847
建設業,1848
建設業,1850
建設業,1852
建設業,1853
建設業,1860
建設業,1861
建設業,1866
建設業,1867
建設業,1870
建設業,1871
建設業,1873
建設業,1878
建設業,1879
建設業,1882
建設業,1884
建設業,1885
建設業,1887
建設業,1888
建設業,1890
建設業,1893
建設業,1897
建設業,1898
建設業,1899
建設業,1904
建設業,1905
機械,1909
建設業,1911
建設業,1914
建設業,1921
建設業,1925
建設業,1926
建設業,1928
建設業,1929
建設業,1930
建設業,1934
建設業,1938
建設業,1939
建設業,1941
建設業,1942
建設業,1944
建設業,1945
建設業,1946
建設業,1948
建設業,1949
建設業,1950
建設業,1951
建設業,1952
サービス業,1954
建設業,1959
建設業,1960
建設業,1961
建設業,1963
建設業,1964
建設業,1965
建設業,1966
建設業,1967
建設業,1968
建設業,1969
金属製品,1971
建設業,1972
情報・通信業,1973
建設業,1975
建設業,1976
建設業,1979
建設業,1980
建設業,1981
建設業,1982
建設業,1992
建設業,1994
建設業,1997
食料品,2001
食料品,2002
食料品,2003
食料品,2004
食料品,2009
食料品,2053
食料品,2055
食料品,2060
食料品,2107
食料品,2108
食料品,2109
食料品,2112
食料品,2114
食料品,2117
サービス業,2120
サービス業,2121
サービス業,2122
サービス業,2124
サービス業,2127
サービス業,2130
サービス業,2134
サービス業,2136
情報・通信業,2138
サービス業,2139
サービス業,2146
サービス業,2148
サービス業,2150
サービス業,2152
サービス業,2153
サービス業,2154
サービス業,2156
サービス業,2157
サービス業,2158
サービス業,2159
医薬品,2160
サービス業,2162
サービス業,2163
サービス業,2164
サービス業,2168
サービス業,2169
サービス業,2170
サービス業,2173
サービス業,2175
サービス業,2176
サービス業,2178
サービス業,2179
サービス業,2180
サービス業,2181
サービス業,2183
サービス業,2185
サービス業,2186
サービス業,2191
サービス業,2193
サービス業,2195
サービス業,2196
サービス業,2198
食料品,2201
食料品,2204
食料品,2206
食料品,2207
食料品,2208
食料品,2209
食料品,2211
食料品,2212
食料品,2215
食料品,2216
食料品,2217
食料品,2220
食料品,2221
食料品,2222
食料品,2224
食料品,2226
食料品,2229
食料品,2264
食料品,2266
食料品,2267
食料品,2268
食料品,2269
食料品,2270
食料品,2281
食料品,2282
食料品,2286
食料品,2288
食料品,2291
食料品,2292
食料品,2293
食料品,2294
食料品,2296
サービス業,2300
サービス業,2301
情報・通信業,2303
サービス業,2304
サービス業,2305
情報・通信業,2307
サービス業,2309
サービス業,2311
情報・通信業,2315
情報・通信業,2317
情報・通信業,2321
情報・通信業,2323
サービス業,2325
情報・通信業,2326
情報・通信業,2327
情報・通信業,2329
情報・通信業,2330
サービス業,2331
情報・通信業,2332
サービス業,2334
情報・通信業,2335
不動産業,2337
情報・通信業,2338
サービス業,2340
サービス業,2341
サービス業,2342
サービス業,2344
情報・通信業,2345
情報・通信業,2349
情報・通信業,2351
情報・通信業,2352
不動産業,2353
情報・通信業,2354
情報・通信業,2359
サービス業,2370
サービス業,2371
サービス業,2372
サービス業,2373
サービス業,2374
サービス業,2375
サービス業,2376
サービス業,2378
サービス業,2379
陸運業,2384
サービス業,2385
その他金融業,2388
サービス業,2389
サービス業,2391
サービス業,2393
サービス業,2395
サービス業,2397
サービス業,2402
サービス業,2404
サービス業,2406
サービス業,2408
サービス業,2410
情報・通信業,2411
サービス業,2412
サービス業,2413
サービス業,2415
サービス業,2418
サービス業,2424
サービス業,2425
サービス業,2427
サービス業,2428
サービス業,2429
サービス業,2432
サービス業,2433
サービス業,2435
サービス業,2436
サービス業,2437
サービス業,2438
サービス業,2440
サービス業,2445
サービス業,2449
情報・通信業,2452
サービス業,2453
サービス業,2454
サービス業,2459
サービス業,2461
サービス業,2462
サービス業,2464
サービス業,2468
サービス業,2469
サービス業,2471
サービス業,2475
情報・通信業,2477
サービス業,2479
情報・通信業,2480
サービス業,2481
サービス業,2483
情報・通信業,2484
サービス業,2485
サービス業,2487
サービス業,2488
サービス業,2489
サービス業,2491
サービス業,2492
サービス業,2493
サービス業,2497
サービス業,2498
サービス業,2499
食料品,2501
食料品,2502
食料品,2503
食料品,2531
食料品,2533
食料品,2540
食料品,2573
食料品,2579
食料品,2585
食料品,2586
食料品,2587
食料品,2588
食料品,2590
食料品,2593
食料品,25935
食料品,2594
食料品,2597
食料品,2599
食料品,2602
食料品,2607
食料品,2612
食料品,2613
小売業,2651
小売業,2652
小売業,2653
小売業,2654
小売業,2656
小売業,2659
小売業,2664
小売業,2666
卸売業,2667
卸売業,2668
小売業,2669
小売業,2670
小売業,2673
小売業,2674
卸売業,2676
小売業,2678
小売業,2681
小売業,2683
小売業,2685
小売業,2686
小売業,2687
卸売業,2689
卸売業,2692
卸売業,2693
小売業,2694
小売業,2695
小売業,2698
卸売業,2700
小売業,2702
小売業,2705
その他製品,2706
卸売業,2708
卸売業,2715
卸売業,2721
小売業,2722
小売業,2726
卸売業,2729
小売業,2730
卸売業,2733
小売業,2734
小売業,2735
小売業,2736
卸売業,2737
小売業,2742
卸売業,2743
小売業,2747
サービス業,2749
卸売業,2750
卸売業,2751
小売業,2752
小売業,2753
小売業,2754
卸売業,2760
卸売業,2761
小売業,2762
卸売業,2763
小売業,2764
卸売業,2767
卸売業,2768
小売業,2769
機械,2773
卸売業,2776
卸売業,2777
小売業,2778
小売業,2780
小売業,2782
卸売業,2784
卸売業,2788
小売業,2789
小売業,2790
小売業,2791
小売業,2792
卸売業,2795
小売業,2796
小売業,2798
食料品,2801
食料品,2802
食料品,2804
食料品,2805
食料品,2806
食料品,2809
食料品,2810
食料品,2811
食料品,2812
食料品,2813
食料品,2814
食料品,2815
食料品,2816
食料品,2818
食料品,2819
食料品,2820
食料品,2830
食料品,2831
食料品,2871
食料品,2872
卸売業,2874
食料品,2875
食料品,2876
食料品,2877
食料品,2882
食料品,2883
食料品,2884
食料品,2892
食料品,2894
食料品,2897
食料品,2899
食料品,2901
食料品,2903
食料品,2904
食料品,2905
食料品,2907
食料品,2908
食料品,2910
食料品,2911
食料品,2914
食料品,2915
食料品,2916
食料品,2917
食料品,2918
食料品,2922
食料品,2923
食料品,2924
食料品,2925
食料品,2926
食料品,2927
食料品,2929
化学,2930
食料品,2931
食料品,2932
食料品,2933
食料品,2934
金属製品,2961
不動産業,2970
不動産業,2975
不動産業,2977
不動産業,2978
不動産業,2980
不動産業,2981
不動産業,2982
不動産業,2983
不動産業,2985
不動産業,2986
不動産業,2987
不動産業,2990
不動産業,2991
不動産業,2992
不動産業,2993
不動産業,2994
不動産業,2995
不動産業,2997
不動産業,2998
繊維製品,3001
繊維製品,3002
不動産業,3003
卸売業,3004
サービス業,3010
小売業,3011
小売業,3020
サービス業,3021
卸売業,3023
卸売業,3024
小売業,3028
小売業,3030
情報・通信業,3031
小売業,3034
卸売業,3035
卸売業,3036
卸売業,3038
小売業,3039
情報・通信業,3040
卸売業,3041
情報・通信業,3042
卸売業,3045
小売業,3046
小売業,3048
小売業,3050
小売業,3053
卸売業,3054
小売業,3058
小売業,3059
小売業,3063
小売業,3064
小売業,3065
小売業,3067
小売業,3068
小売業,3069
卸売業,3070
小売業,3071
小売業,3073
小売業,3075
卸売業,3076
小売業,3077
卸売業,3079
小売業,3080
小売業,3082
小売業,3083
小売業,3085
小売業,3086
小売業,3087
小売業,3088
卸売業,3089
小売業,3091
小売業,3092
小売業,3093
小売業,3094
小売業,3096
小売業,3097
小売業,3099
繊維製品,3101
繊維製品,3103
繊維製品,3104
電気機器,3105
繊維製品,3106
卸売業,3107
繊維製品,3109
ガラス・土石製品,3110
繊維製品,3111
証券、商品先物取引業,3113
輸送用機器,3116
サービス業,3121
繊維製品,3123
卸売業,3131
卸売業,3132
小売業,3133
小売業,3134
小売業,3135
小売業,3137
小売業,3138
卸売業,3139
卸売業,3140
小売業,3141
卸売業,3143
小売業,3148
卸売業,3150
卸売業,3151
卸売業,3153
卸売業,3154
卸売業,3156
卸売業,3157
小売業,3159
卸売業,3160
卸売業,3161
卸売業,3166
卸売業,3167
卸売業,3168
小売業,3169
小売業,3172
卸売業,3173
小売業,3174
小売業,3175
卸売業,3176
小売業,3177
小売業,3178
小売業,3179
卸売業,3180
小売業,3181
小売業,3182
卸売業,3183
小売業,3184
小売業,3185
小売業,3186
小売業,3187
小売業,3189
小売業,3190
小売業,3191
小売業,3192
小売業,3193
小売業,3195
小売業,3196
小売業,3197
小売業,3198
小売業,3199
繊維製品,3201
繊維製品,3202
繊維製品,3204
繊維製品,3205
小売業,3221
小売業,3222
小売業,3223
小売業,3224
不動産業,3228
不動産業,3231
不動産業,3232
不動産業,3236
不動産業,3237
不動産業,3238
不動産業,3241
不動産業,3242
不動産業,3244
不動産業,3245
不動産業,3246
不動産業,3248
不動産業,3252
不動産業,3254
不動産業,3261
不動産業,3264
不動産業,3266
建設業,3267
不動産業,3271
不動産業,3275
不動産業,3276
不動産業,3277
不動産業,3280
不動産業,3284
不動産業,3286
不動産業,3288
不動産業,3289
不動産業,3291
不動産業,3293
不動産業,3294
不動産業,3297
不動産業,3299
不動産業,3300
繊維製品,3302
卸売業,3306
石油・石炭製品,3315
卸売業,3316
小売業,3317
小売業,3319
卸売業,3320
卸売業,3321
卸売業,3322
卸売業,3323
サービス業,3326
小売業,3328
小売業,3329
小売業,3333
小売業,3341
小売業,3347
小売業,3349
卸売業,3350
小売業,3352
小売業,3353
卸売業,3355
卸売業,3356
小売業,3358
卸売業,3359
卸売業,3360
小売業,3361
小売業,3370
情報・通信業,3371
小売業,3372
卸売業,3374
小売業,3375
卸売業,3377
小売業,3382
卸売業,3386
小売業,3387
卸売業,3388
卸売業,3390
小売業,3391
卸売業,3392
卸売業,3393
小売業,3395
小売業,3396
小売業,3397
小売業,3399
繊維製品,3401
繊維製品,3402
化学,3405
化学,3407
繊維製品,3409
小売業,3415
小売業,3416
卸売業,3417
小売業,3418
金属製品,3420
金属製品,3421
金属製品,3422
金属製品,3423
金属製品,3426
金属製品,3431
金属製品,3433
金属製品,3434
金属製品,3435
金属製品,3436
金属製品,3437
金属製品,3439
金属製品,3440
金属製品,3441
金属製品,3443
金属製品,3444
金属製品,3445
金属製品,3446
金属製品,3447
金属製品,3448
金属製品,3449
金属製品,3450
不動産業,3452
不動産業,3454
不動産業,3456
不動産業,3457
不動産業,3458
不動産業,3461
不動産業,3464
不動産業,3465
不動産業,3467
不動産業,3469
不動産業,3474
不動産業,3475
不動産業,3477
不動産業,3479
不動産業,3480
不動産業,3482
不動産業,3483
不動産業,3484
不動産業,3486
不動産業,3489
不動産業,3490
不動産業,3491
不動産業,3494
不動産業,3495
不動産業,3496
不動産業,3497
不動産業,3498
繊維製品,3501
繊維製品,3512
繊維製品,3513
サービス業,3521
繊維製品,3524
輸送用機器,3526
不動産業,3528
繊維製品,3529
小売業,3536
卸売業,3537
小売業,3538
小売業,3539
卸売業,3540
卸売業,3541
小売業,3542
卸売業,3543
小売業,3544
小売業,3546
小売業,3547
小売業,3548
小売業,3549
小売業,3550
繊維製品,3551
化学,3553
小売業,3556
小売業,3557
小売業,3558
卸売業,3559
小売業,3560
小売業,3561
卸売業,3562
小売業,3563
卸売業,3565
小売業,3566
繊維製品,3569
繊維製品,3571
繊維製品,3577
繊維製品,3578
繊維製品,3580
繊維製品,3583
繊維製品,3591
繊維製品,3593
繊維製品,3597
繊維製品,3598
繊維製品,3600
繊維製品,3604
繊維製品,3607
繊維製品,3608
繊維製品,3611
繊維製品,3612
情報・通信業,3622
情報・通信業,3623
情報・通信業,3624
情報・通信業,3625
情報・通信業,3626
情報・通信業,3627
情報・通信業,3628
情報・通信業,3632
情報・通信業,3633
情報・通信業,3634
情報・通信業,3635
情報・通信業,3636
情報・通信業,3639
情報・通信業,3640
情報・通信業,3641
情報・通信業,3645
情報・通信業,3646
情報・通信業,3647
情報・通信業,3648
情報・通信業,3649
情報・通信業,3652
情報・通信業,3653
情報・通信業,3655
情報・通信業,3656
情報・通信業,3657
情報・通信業,3659
情報・通信業,3660
情報・通信業,3661
情報・通信業,3662
情報・通信業,3663
情報・通信業,3664
情報・通信業,3665
情報・通信業,3666
情報・通信業,3667
情報・通信業,3668
情報・通信業,3670
情報・通信業,3671
情報・通信業,3672
情報・通信業,3673
情報・通信業,3674
情報・通信業,3675
情報・通信業,3676
情報・通信業,3677
情報・通信業,3678
情報・通信業,3679
情報・通信業,3680
情報・通信業,3681
情報・通信業,3682
情報・通信業,3683
情報・通信業,3686
情報・通信業,3687
情報・通信業,3688
情報・通信業,3690
情報・通信業,3691
情報・通信業,3692
情報・通信業,3694
情報・通信業,3695
情報・通信業,3696
情報・通信業,3697
情報・通信業,3698
パルプ・紙,3708
情報・通信業,3710
情報・通信業,3712
情報・通信業,3719
情報・通信業,3723
小売業,3726
情報・通信業,3727
情報・通信業,3733
情報・通信業,3738
情報・通信業,3741
情報・通信業,3744
情報・通信業,3747
情報・通信業,3750
情報・通信業,3753
情報・通信業,3758
情報・通信業,3760
情報・通信業,3762
情報・通信業,3763
情報・通信業,3765
情報・通信業,3766
情報・通信業,3768
情報・通信業,3769
情報・通信業,3770
情報・通信業,3771
不動産業,3772
情報・通信業,3773
情報・通信業,3774
情報・通信業,3776
情報・通信業,3777
情報・通信業,3778
情報・通信業,3779
情報・通信業,3782
情報・通信業,3784
情報・通信業,3787
情報・通信業,3788
情報・通信業,3791
情報・通信業,3793
情報・通信業,3796
情報・通信業,3798
情報・通信業,3799
情報・通信業,3800
情報・通信業,3802
情報・通信業,3803
情報・通信業,3804
情報・通信業,3807
情報・通信業,3810
情報・通信業,3814
情報・通信業,3815
情報・通信業,3816
情報・通信業,3817
情報・通信業,3823
情報・通信業,3825
情報・通信業,3826
情報・通信業,3834
情報・通信業,3835
情報・通信業,3836
情報・通信業,3837
情報・通信業,3839
情報・通信業,3840
情報・通信業,3841
情報・通信業,3842
情報・通信業,3843
情報・通信業,3844
情報・通信業,3845
情報・通信業,3847
情報・通信業,3848
情報・通信業,3850
情報・通信業,3851
情報・通信業,3852
情報・通信業,3853
情報・通信業,3854
電気機器,3856
情報・通信業,3857
情報・通信業,3858
パルプ・紙,3861
パルプ・紙,3863
パルプ・紙,3864
パルプ・紙,3865
パルプ・紙,3877
パルプ・紙,3878
パルプ・紙,3880
パルプ・紙,3891
パルプ・紙,3892
パルプ・紙,3895
パルプ・紙,3896
情報・通信業,3900
情報・通信業,3901
情報・通信業,3902
情報・通信業,3903
情報・通信業,3904
情報・通信業,3905
情報・通信業,3906
情報・通信業,3907
情報・通信業,3908
情報・通信業,3909
情報・通信業,3910
情報・通信業,3911
情報・通信業,3912
情報・通信業,3913
情報・通信業,3914
情報・通信業,3915
情報・通信業,3916
情報・通信業,3917
情報・通信業,3918
情報・通信業,3919
情報・通信業,3920
情報・通信業,3921
情報・通信業,3922
情報・通信業,3923
情報・通信業,3924
情報・通信業,3925
情報・通信業,3926
情報・通信業,3927
情報・通信業,3928
情報・通信業,3929
情報・通信業,3930
情報・通信業,3931
情報・通信業,3932
情報・通信業,3933
情報・通信業,3934
情報・通信業,3935
情報・通信業,3936
情報・通信業,3937
情報・通信業,3939
情報・通信業,3940
パルプ・紙,3941
パルプ・紙,3943
パルプ・紙,3944
パルプ・紙,3945
パルプ・紙,3946
パルプ・紙,3947
パルプ・紙,3948
パルプ・紙,3950
パルプ・紙,3951
パルプ・紙,3953
パルプ・紙,3954
パルプ・紙,3955
情報・通信業,3961
情報・通信業,3962
情報・通信業,3963
情報・通信業,3964
情報・通信業,3965
情報・通信業,3966
情報・通信業,3967
情報・通信業,3968
情報・通信業,3969
情報・通信業,3970
情報・通信業,3974
情報・通信業,3976
情報・通信業,3978
情報・通信業,3979
情報・通信業,3981
情報・通信業,3983
情報・通信業,3984
情報・通信業,3985
情報・通信業,3986
情報・通信業,3987
情報・通信業,3988
情報・通信業,3989
情報・通信業,3990
情報・通信業,3991
情報・通信業,3992
情報・通信業,3993
情報・通信業,3994
情報・通信業,3995
情報・通信業,3996
情報・通信業,3997
情報・通信業,3998
情報・通信業,3999
化学,4004
化学,4005
化学,4008
情報・通信業,4011
情報・通信業,4012
情報・通信業,4013
情報・通信業,4014
情報・通信業,4015
情報・通信業,4016
情報・通信業,4017
情報・通信業,4019
情報・通信業,4020
化学,4021
化学,4022
化学,4023
化学,4025
ガラス・土石製品,4026
化学,4027
化学,4028
化学,4031
化学,4041
化学,4042
化学,4043
化学,4044
化学,4045
化学,4046
化学,4047
情報・通信業,4051
情報・通信業,4052
情報・通信業,4053
情報・通信業,4054
情報・通信業,4055
情報・通信業,4056
情報・通信業,4057
情報・通信業,4058
情報・通信業,4059
情報・通信業,4060
化学,4061
電気機器,4062
化学,4063
化学,4064
情報・通信業,4068
情報・通信業,4069
情報・通信業,4071
情報・通信業,4072
情報・通信業,4073
情報・通信業,4074
情報・通信業,4075
情報・通信業,4076
化学,4078
化学,4080
化学,4082
化学,4088
化学,4091
化学,4092
化学,4093
化学,4094
化学,4095
化学,4097
化学,4098
化学,4099
化学,4100
化学,4102
化学,4107
化学,4109
化学,4112
化学,4113
化学,4114
化学,4116
化学,4118
化学,4119
化学,4120
化学,4124
化学,4125
医薬品,4151
情報・通信業,4165
情報・通信業,4166
情報・通信業,4167
情報・通信業,4168
情報・通信業,4169
情報・通信業,4170
情報・通信業,4171
情報・通信業,4172
情報・通信業,4173
情報・通信業,4174
情報・通信業,4175
情報・通信業,4176
情報・通信業,4177
情報・通信業,4178
情報・通信業,4179
情報・通信業,4180
化学,4182
化学,4183
化学,4185
化学,4186
化学,4187
化学,4188
化学,4189
情報・通信業,4192
情報・通信業,4193
情報・通信業,4194
情報・通信業,4196
情報・通信業,4197
情報・通信業,4198
情報・通信業,4199
情報・通信業,4200
化学,4202
化学,4203
化学,4204
化学,4205
化学,4206
化学,4208
化学,4212
化学,4215
化学,4216
化学,4218
化学,4220
化学,4221
化学,4222
化学,4224
化学,4228
化学,4229
化学,4231
化学,4234
化学,4235
化学,4237
化学,4238
化学,4240
化学,4241
化学,4242
化学,4243
化学,4245
化学,4246
化学,4247
化学,4248
化学,4249
化学,4251
情報・通信業,4255
情報・通信業,4256
情報・通信業,4257
情報・通信業,4258
情報・通信業,4259
情報・通信業,4260
情報・通信業,4261
情報・通信業,4262
情報・通信業,4263
情報・通信業,4264
情報・通信業,4265
情報・通信業,4267
情報・通信業,4268
情報・通信業,4270
化学,4272
化学,4274
化学,4275
情報・通信業,4284
サービス業,4286
情報・通信業,4287
情報・通信業,4288
サービス業,4290
サービス業,4293
情報・通信業,4295
情報・通信業,4298
情報・通信業,4299
サービス業,4301
情報・通信業,4304
情報・通信業,4307
情報・通信業,4308
サービス業,4310
情報・通信業,4312
情報・通信業,4316
サービス業,4317
サービス業,4318
サービス業,4319
情報・通信業,4320
情報・通信業,4323
サービス業,4324
情報・通信業,4326
サービス業,4327
サービス業,4331
情報・通信業,4333
情報・通信業,4334
情報・通信業,4335
サービス業,4337
サービス業,4341
サービス業,4343
情報・通信業,4344
サービス業,4345
サービス業,4346
サービス業,4347
情報・通信業,4348
小売業,4350
その他金融業,4351
サービス業,4355
情報・通信業,4356
化学,4360
化学,4361
化学,4362
化学,4365
化学,4366
化学,4367
化学,4368
化学,4369
情報・通信業,4370
情報・通信業,4371
情報・通信業,4372
情報・通信業,4373
情報・通信業,4374
情報・通信業,4375
情報・通信業,4376
情報・通信業,4377
情報・通信業,4378
情報・通信業,4379
情報・通信業,4380
情報・通信業,4381
情報・通信業,4382
情報・通信業,4384
情報・通信業,4385
情報・通信業,4386
情報・通信業,4387
情報・通信業,4388
情報・通信業,4389
情報・通信業,4390
情報・通信業,4391
情報・通信業,4392
情報・通信業,4393
情報・通信業,4394
情報・通信業,4395
情報・通信業,4396
情報・通信業,4397
情報・通信業,4398
化学,4401
化学,4403
食料品,4404
化学,4406
化学,4409
化学,4410
情報・通信業,4412
情報・通信業,4413
情報・通信業,4414
情報・通信業,4415
情報・通信業,4416
情報・通信業,4417
情報・通信業,4418
情報・通信業,4419
情報・通信業,4420
情報・通信業,4421
情報・通信業,4422
情報・通信業,4423
情報・通信業,4424
情報・通信業,4425
情報・通信業,4426
情報・通信業,4427
情報・通信業,4428
情報・通信業,4429
情報・通信業,4430
情報・通信業,4431
情報・通信業,4432
情報・通信業,4433
情報・通信業,4434
情報・通信業,4435
情報・通信業,4436
情報・通信業,4437
情報・通信業,4438
情報・通信業,4439
情報・通信業,4440
情報・通信業,4441
情報・通信業,4442
情報・通信業,4443
情報・通信業,4444
情報・通信業,4445
情報・通信業,4446
情報・通信業,4448
情報・通信業,4449
情報・通信業,4450
化学,4452
化学,4461
化学,4462
化学,4463
化学,4464
化学,4465
化学,4471
情報・通信業,4475
情報・通信業,4476
情報・通信業,4477
情報・通信業,4478
情報・通信業,4479
情報・通信業,4480
情報・通信業,4481
情報・通信業,4482
情報・通信業,4483
情報・通信業,4484
情報・通信業,4485
情報・通信業,4486
情報・通信業,4487
情報・通信業,4488
情報・通信業,4489
情報・通信業,4490
情報・通信業,4491
情報・通信業,4492
情報・通信業,4493
情報・通信業,4494
情報・通信業,4495
情報・通信業,4496
情報・通信業,4498
情報・通信業,4499
医薬品,4502
医薬品,4503
医薬品,4506
医薬品,4507
医薬品,4512
医薬品,4516
医薬品,4519
医薬品,4521
医薬品,4523
医薬品,4524
食料品,4526
医薬品,4527
医薬品,4528
医薬品,4530
化学,4531
医薬品,4534
医薬品,4536
医薬品,4538
医薬品,4539
医薬品,4540
医薬品,4541
精密機器,4543
サービス業,4544
医薬品,4547
医薬品,4548
医薬品,4549
医薬品,4550
医薬品,4551
医薬品,4552
医薬品,4553
医薬品,4554
医薬品,4556
医薬品,4558
医薬品,4559
医薬品,4563
医薬品,4564
医薬品,4565
医薬品,4568
医薬品,4569
医薬品,4570
医薬品,4571
医薬品,4572
医薬品,4574
医薬品,4575
医薬品,4576
医薬品,4577
医薬品,4578
医薬品,4579
医薬品,4581
医薬品,4582
医薬品,4583
医薬品,4584
医薬品,4586
医薬品,4587
医薬品,4588
医薬品,4591
医薬品,4592
医薬品,4593
医薬品,4594
医薬品,4595
医薬品,4596
医薬品,4597
医薬品,4598
医薬品,4599
化学,4611
化学,4612
化学,4613
化学,4615
化学,4616
化学,4617
化学,4619
化学,4620
化学,4621
化学,4623
化学,4624
化学,4625
化学,4626
化学,4627
化学,4628
化学,4629
化学,4631
化学,4633
化学,4634
化学,4635
化学,4636
サービス業,4641
サービス業,4642
情報・通信業,4644
サービス業,4645
サービス業,4650
サービス業,4651
サービス業,4653
サービス業,4657
サービス業,4658
サービス業,4659
サービス業,4661
情報・通信業,4662
サービス業,4664
サービス業,4665
不動産業,4666
情報・通信業,4667
サービス業,4668
サービス業,4671
サービス業,4673
情報・通信業,4674
情報・通信業,4676
サービス業,4678
サービス業,4679
サービス業,4680
サービス業,4681
情報・通信業,4684
情報・通信業,4685
情報・通信業,4686
情報・通信業,4687
情報・通信業,4689
サービス業,4690
サービス業,4691
サービス業,4694
情報・通信業,4704
サービス業,4705
サービス業,4707
サービス業,4708
情報・通信業,4709
サービス業,4712
サービス業,4714
情報・通信業,4716
サービス業,4718
情報・通信業,4719
サービス業,4720
情報・通信業,4722
情報・通信業,4725
情報・通信業,4726
情報・通信業,4728
サービス業,4732
情報・通信業,4733
サービス業,4735
情報・通信業,4736
情報・通信業,4739
情報・通信業,4743
サービス業,4745
情報・通信業,4746
情報・通信業,4748
サービス業,4750
サービス業,4751
情報・通信業,4752
サービス業,4754
サービス業,4755
サービス業,4760
情報・通信業,4761
情報・通信業,4762
サービス業,4763
サービス業,4765
サービス業,4766
サービス業,4767
情報・通信業,4768
情報・通信業,4769
情報・通信業,4770
サービス業,4771
情報・通信業,4772
情報・通信業,4776
情報・通信業,4777
サービス業,4781
情報・通信業,4783
サービス業,4784
サービス業,4792
情報・通信業,4800
サービス業,4801
不動産業,4809
情報・通信業,4812
情報・通信業,4813
情報・通信業,4814
情報・通信業,4816
情報・通信業,4819
情報・通信業,4820
情報・通信業,4824
情報・通信業,4825
情報・通信業,4826
情報・通信業,4828
情報・通信業,4829
情報・通信業,4832
サービス業,4833
サービス業,4837
情報・通信業,4838
情報・通信業,4839
サービス業,4840
情報・通信業,4845
情報・通信業,4847
サービス業,4848
サービス業,4849
医薬品,4875
医薬品,4880
医薬品,4881
医薬品,4882
医薬品,4883
医薬品,4884
医薬品,4885
医薬品,4886
医薬品,4887
医薬品,4888
医薬品,4889
化学,4901
電気機器,4902
化学,4911
化学,4912
化学,4914
化学,4917
化学,4918
化学,4919
化学,4920
化学,4921
化学,4922
化学,4923
化学,4925
化学,4926
化学,4927
化学,4928
化学,4929
化学,4930
化学,4931
化学,4932
化学,4933
化学,4934
化学,4935
化学,4936
化学,4937
化学,4951
化学,4955
化学,4956
化学,4957
化学,4958
化学,4960
化学,4963
化学,4966
化学,4967
化学,4968
化学,4970
化学,4971
化学,4972
化学,4973
化学,4974
化学,4975
化学,4976
化学,4977
化学,4978
化学,4979
化学,4980
化学,4985
化学,4987
化学,4990
化学,4992
化学,4994
化学,4996
化学,4997
化学,4998
化学,4999
石油・石炭製品,5008
卸売業,5009
石油・石炭製品,5010
石油・石炭製品,5011
石油・石炭製品,5013
石油・石炭製品,5015
石油・石炭製品,5017
石油・石炭製品,5018
石油・石炭製品,5019
石油・石炭製品,5020
石油・石炭製品,5021
情報・通信業,5025
情報・通信業,5026
情報・通信業,5028
情報・通信業,5029
情報・通信業,5031
建設業,5070
建設業,5071
建設業,5072
建設業,5074
建設業,5075
建設業,5076
建設業,5077
建設業,5078
建設業,5079
ゴム製品,5101
ゴム製品,5103
ゴム製品,5104
ゴム製品,5105
ゴム製品,5108
ゴム製品,5110
ゴム製品,5121
ゴム製品,5122
化学,5142
ゴム製品,5161
ゴム製品,5162
ゴム製品,5184
ゴム製品,5185
ゴム製品,5186
精密機器,5187
ゴム製品,5189
ゴム製品,5191
ゴム製品,5192
ゴム製品,5194
ゴム製品,5195
ゴム製品,5199
ガラス・土石製品,5201
ガラス・土石製品,5202
ガラス・土石製品,5204
化学,5208
ガラス・土石製品,5210
ガラス・土石製品,5212
ガラス・土石製品,5214
ガラス・土石製品,5216
ガラス・土石製品,5217
ガラス・土石製品,5218
ガラス・土石製品,5232
ガラス・土石製品,5233
ガラス・土石製品,5237
サービス業,5261
ガラス・土石製品,5262
ガラス・土石製品,5268
ガラス・土石製品,5269
ガラス・土石製品,5271
ガラス・土石製品,5273
ガラス・土石製品,5277
ガラス・土石製品,5279
不動産業,5280
ガラス・土石製品,5282
卸売業,5283
ガラス・土石製品,5284
ガラス・土石製品,5285
ガラス・土石製品,5287
ガラス・土石製品,5288
ガラス・土石製品,5290
ガラス・土石製品,5301
ガラス・土石製品,5302
ガラス・土石製品,5304
ガラス・土石製品,5310
ガラス・土石製品,5331
ガラス・土石製品,5332
ガラス・土石製品,5333
ガラス・土石製品,5334
ガラス・土石製品,5337
ガラス・土石製品,5341
ガラス・土石製品,5344
ガラス・土石製品,5351
ガラス・土石製品,5352
ガラス・土石製品,5355
ガラス・土石製品,5357
ガラス・土石製品,5363
ガラス・土石製品,5367
ガラス・土石製品,5368
ガラス・土石製品,5380
ガラス・土石製品,5381
ガラス・土石製品,5384
ガラス・土石製品,5386
ガラス・土石製品,5387
ガラス・土石製品,5388
ガラス・土石製品,5391
ガラス・土石製品,5393
ガラス・土石製品,5395
鉄鋼,5401
鉄鋼,5406
鉄鋼,5408
鉄鋼,5410
鉄鋼,5411
鉄鋼,5423
鉄鋼,5440
鉄鋼,5444
鉄鋼,5445
鉄鋼,5446
鉄鋼,5449
鉄鋼,5451
鉄鋼,5458
鉄鋼,5463
鉄鋼,5464
鉄鋼,5471
鉄鋼,5476
鉄鋼,5480
鉄鋼,5481
鉄鋼,5482
鉄鋼,5484
鉄鋼,5486
鉄鋼,5491
鉄鋼,5541
鉄鋼,5542
鉄鋼,5563
鉄鋼,5602
鉄鋼,5603
鉄鋼,5609
鉄鋼,5610
鉄鋼,5612
機械,5631
鉄鋼,5632
鉄鋼,5644
鉄鋼,5658
鉄鋼,5659
鉄鋼,5660
鉄鋼,5695
鉄鋼,5697
鉄鋼,5698
鉄鋼,5699
非鉄金属,5702
非鉄金属,5703
非鉄金属,5704
非鉄金属,5706
非鉄金属,5707
非鉄金属,5711
非鉄金属,5713
非鉄金属,5714
非鉄金属,5715
非鉄金属,5721
非鉄金属,5724
非鉄金属,5726
非鉄金属,5727
非鉄金属,5729
非鉄金属,5741
非鉄金属,5742
非鉄金属,5753
非鉄金属,5757
非鉄金属,5759
非鉄金属,5781
非鉄金属,5801
非鉄金属,5802
非鉄金属,5803
非鉄金属,5805
非鉄金属,5807
非鉄金属,5809
非鉄金属,5816
非鉄金属,5817
非鉄金属,5819
非鉄金属,5820
非鉄金属,5821
非鉄金属,5851
非鉄金属,5852
小売業,5856
非鉄金属,5857
非鉄金属,5858
金属製品,5900
金属製品,5901
金属製品,5902
金属製品,5903
金属製品,5905
金属製品,5906
金属製品,5907
金属製品,5909
金属製品,5911
金属製品,5915
金属製品,5918
金属製品,5921
金属製品,5922
金属製品,5923
金属製品,5928
金属製品,5929
金属製品,5930
金属製品,5932
金属製品,5933
金属製品,5935
金属製品,5936
金属製品,5938
金属製品,5939
金属製品,5940
金属製品,5941
金属製品,5942
金属製品,5943
金属製品,5945
金属製品,5946
金属製品,5947
輸送用機器,5949
金属製品,5950
金属製品,5951
金属製品,5952
金属製品,5955
金属製品,5956
金属製品,5957
金属製品,5958
金属製品,5959
その他製品,5962
金属製品,5964
金属製品,5965
金属製品,5966
金属製品,5967
金属製品,5969
金属製品,5970
金属製品,5971
金属製品,5973
金属製品,5974
金属製品,5975
金属製品,5976
金属製品,5981
金属製品,5982
金属製品,5983
金属製品,5984
金属製品,5985
金属製品,5986
金属製品,5987
金属製品,5988
金属製品,5989
金属製品,5990
金属製品,5991
金属製品,5992
金属製品,5994
金属製品,5997
金属製品,5998
金属製品,5999
機械,6005
機械,6013
輸送用機器,6016
輸送用機器,6018
機械,6022
輸送用機器,6023
サービス業,6026
サービス業,6027
サービス業,6028
サービス業,6029
サービス業,6030
サービス業,6031
サービス業,6032
サービス業,6033
サービス業,6034
サービス業,6035
サービス業,6036
サービス業,6037
サービス業,6038
サービス業,6039
サービス業,6040
輸送用機器,6042
サービス業,6044
サービス業,6045
サービス業,6046
サービス業,6047
サービス業,6048
サービス業,6049
サービス業,6050
サービス業,6054
サービス業,6055
サービス業,6058
サービス業,6059
サービス業,6060
サービス業,6061
サービス業,6062
サービス業,6063
サービス業,6067
サービス業,6069
サービス業,6070
サービス業,6071
サービス業,6072
サービス業,6073
サービス業,6074
サービス業,6078
サービス業,6080
サービス業,6081
サービス業,6082
サービス業,6083
サービス業,6085
サービス業,6086
サービス業,6087
サービス業,6088
サービス業,6089
サービス業,6090
サービス業,6091
サービス業,6092
サービス業,6093
サービス業,6094
サービス業,6095
サービス業,6096
サービス業,6098
サービス業,6099
機械,6101
機械,6103
機械,6104
機械,6113
機械,6118
機械,6121
機械,6125
機械,6131
機械,6134
機械,6135
機械,6136
機械,6137
機械,6138
機械,6140
機械,6141
機械,6143
機械,6144
機械,6145
機械,6146
機械,6147
機械,6149
機械,6150
機械,6151
機械,6155
機械,6156
機械,6157
機械,6158
機械,6159
機械,6161
機械,6164
機械,6165
機械,6166
機械,6167
機械,6168
サービス業,6171
サービス業,6172
サービス業,6173
サービス業,6174
サービス業,6175
サービス業,6176
サービス業,6177
サービス業,6178
サービス業,6180
サービス業,6181
サービス業,6182
サービス業,6183
サービス業,6184
サービス業,6185
サービス業,6186
サービス業,6188
サービス業,6189
サービス業,6190
サービス業,6191
サービス業,6192
サービス業,6193
サービス業,6194
サービス業,6195
サービス業,6196
サービス業,6197
サービス業,6198
サービス業,6199
サービス業,6200
輸送用機器,6201
機械,6203
機械,6205
機械,6208
機械,6210
機械,6217
機械,6218
機械,6222
機械,6226
機械,6227
機械,6228
機械,6229
機械,6230
機械,6231
機械,6232
機械,6233
機械,6235
機械,6236
機械,6237
機械,6238
機械,6239
機械,6240
機械,6245
機械,6246
機械,6247
機械,6248
機械,6249
機械,6250
機械,6254
機械,6255
機械,6257
機械,6258
機械,6262
機械,6264
機械,6265
機械,6266
機械,6267
機械,6268
機械,6269
機械,6272
機械,6273
機械,6276
機械,6277
機械,6278
機械,6279
機械,6282
機械,6284
機械,6286
機械,6287
機械,6289
機械,6291
機械,6292
機械,6293
機械,6294
機械,6297
機械,6298
機械,6301
機械,6302
機械,6303
機械,6305
機械,6306
機械,6307
機械,6309
機械,6310
機械,6312
機械,6315
機械,6316
機械,6317
鉄鋼,6319
機械,6322
機械,6323
機械,6324
機械,6325
機械,6326
機械,6327
機械,6328
建設業,6330
機械,6331
機械,6332
機械,6333
機械,6334
機械,6335
機械,6336
機械,6337
機械,6338
機械,6339
機械,6340
機械,6342
機械,6343
機械,6345
機械,6346
機械,6347
機械,6349
機械,6351
機械,6355
機械,6356
機械,6357
機械,6358
機械,6360
機械,6361
機械,6362
機械,6363
機械,6364
機械,6365
建設業,6366
機械,6367
機械,6368
機械,6369
機械,6370
機械,6371
機械,6373
精密機器,6376
機械,6378
建設業,6379
機械,6380
機械,6381
機械,6382
機械,6383
機械,6384
機械,6387
機械,6390
機械,6391
機械,6392
機械,6393
機械,6395
機械,6396
機械,6400
機械,6402
機械,6403
機械,6405
機械,6406
機械,6407
機械,6408
機械,6409
機械,6411
機械,6412
機械,6413
機械,6416
機械,6417
機械,6418
機械,6419
機械,6420
機械,6424
機械,6425
機械,6428
機械,6430
機械,6432
機械,6433
機械,6436
機械,6440
機械,6444
機械,6445
電気機器,6448
機械,6454
輸送用機器,6455
機械,6457
機械,6458
機械,6459
機械,6460
機械,6461
機械,6462
機械,6463
機械,6464
機械,6465
機械,6466
機械,6467
機械,6469
機械,6470
機械,6471
機械,6472
機械,6473
機械,6474
電気機器,6479
機械,6480
機械,6481
機械,6482
機械,6484
機械,6485
機械,6486
機械,6488
機械,6489
機械,6490
機械,6492
輸送用機器,6493
機械,6494
機械,6495
機械,6496
機械,6497
機械,6498
電気機器,6501
電気機器,6502
電気機器,6503
電気機器,6504
電気機器,6505
電気機器,6506
電気機器,6507
電気機器,6508
電気機器,6513
電気機器,6516
電気機器,6517
電気機器,6518
電気機器,6521
電気機器,6522
電気機器,6523
電気機器,6524
サービス業,6532
サービス業,6533
サービス業,6535
サービス業,6537
サービス業,6538
サービス業,6539
サービス業,6540
サービス業,6542
サービス業,6543
サービス業,6544
サービス業,6545
サービス業,6546
サービス業,6547
サービス業,6548
サービス業,6549
サービス業,6550
サービス業,6551
サービス業,6552
サービス業,6554
サービス業,6555
サービス業,6556
サービス業,6557
サービス業,6558
サービス業,6560
サービス業,6561
サービス業,6562
サービス業,6563
サービス業,6564
サービス業,6565
サービス業,6566
サービス業,6567
サービス業,6568
サービス業,6569
サービス業,6570
サービス業,6571
サービス業,6572
サービス業,6573
サービス業,6574
サービス業,6576
サービス業,6577
サービス業,6578
サービス業,6579
サービス業,6580
輸送用機器,6584
機械,6586
電気機器,6588
電気機器,6590
電気機器,6592
電気機器,6594
電気機器,6596
電気機器,6597
電気機器,6599
電気機器,6612
電気機器,6613
電気機器,6614
電気機器,6615
電気機器,6616
電気機器,6617
電気機器,6618
電気機器,6619
不動産業,6620
電気機器,6622
不動産業,6625
電気機器,6626
電気機器,6627
電気機器,6629
電気機器,6630
電気機器,6632
電気機器,6633
電気機器,6634
電気機器,6635
電気機器,6637
電気機器,6638
電気機器,6640
電気機器,6641
電気機器,6643
電気機器,6644
電気機器,6645
電気機器,6647
電気機器,6648
電気機器,6651
電気機器,6652
電気機器,6653
電気機器,6654
電気機器,6656
電気機器,6658
電気機器,6659
電気機器,6662
電気機器,6663
電気機器,6664
電気機器,6666
電気機器,6668
電気機器,6670
電気機器,6674
電気機器,6675
電気機器,6676
電気機器,6677
電気機器,6678
電気機器,6694
電気機器,6695
電気機器,6696
電気機器,6697
電気機器,6698
電気機器,6699
電気機器,6701
電気機器,6702
電気機器,6703
電気機器,6704
電気機器,6706
電気機器,6707
電気機器,6715
電気機器,6718
電気機器,6721
電気機器,6723
電気機器,6724
電気機器,6727
電気機器,6728
電気機器,6730
電気機器,6731
電気機器,6734
電気機器,6736
電気機器,6737
電気機器,6740
電気機器,6741
電気機器,6742
電気機器,6743
電気機器,6744
電気機器,6745
電気機器,6748
電気機器,6750
電気機器,6752
電気機器,6753
電気機器,6754
電気機器,6755
電気機器,6757
電気機器,6758
電気機器,6762
電気機器,6763
電気機器,6768
電気機器,6769
電気機器,6770
電気機器,6771
電気機器,6772
電気機器,6775
化学,6776
電気機器,6777
電気機器,6778
電気機器,6779
電気機器,6785
サービス業,6786
電気機器,6787
電気機器,6788
電気機器,6789
電気機器,6794
電気機器,6798
電気機器,6800
電気機器,6803
電気機器,6804
電気機器,6806
電気機器,6807
電気機器,6809
電気機器,6810
電気機器,6814
電気機器,6815
電気機器,6817
サービス業,6819
電気機器,6820
電気機器,6822
電気機器,6823
電気機器,6824
電気機器,6826
電気機器,6832
電気機器,6834
電気機器,6835
電気機器,6836
電気機器,6837
電気機器,6838
電気機器,6840
電気機器,6841
電気機器,6844
電気機器,6845
電気機器,6848
電気機器,6849
電気機器,6850
電気機器,6853
電気機器,6855
電気機器,6856
電気機器,6857
電気機器,6858
電気機器,6859
電気機器,6861
電気機器,6862
電気機器,6863
電気機器,6864
電気機器,6866
電気機器,6867
電気機器,6869
電気機器,6870
電気機器,6871
電気機器,6874
電気機器,6875
電気機器,6877
情報・通信業,6879
電気機器,6881
電気機器,6882
情報・通信業,6888
電気機器,6890
電気機器,6894
電気機器,6897
電気機器,6898
電気機器,6899
電気機器,6901
輸送用機器,6902
電気機器,6904
電気機器,6905
電気機器,6907
電気機器,6908
電気機器,6912
電気機器,6914
電気機器,6915
電気機器,6916
電気機器,6918
電気機器,6919
電気機器,6920
電気機器,6923
電気機器,6924
電気機器,6925
電気機器,6926
電気機器,6927
電気機器,6928
電気機器,6929
電気機器,6930
電気機器,6932
電気機器,6937
電気機器,6938
電気機器,6941
情報・通信業,6942
電気機器,6943
電気機器,6946
電気機器,6947
電気機器,6951
電気機器,6952
電気機器,6954
電気機器,6955
電気機器,6957
電気機器,6958
電気機器,6960
電気機器,6961
電気機器,6962
電気機器,6963
電気機器,6964
電気機器,6965
電気機器,6966
電気機器,6967
電気機器,6969
電気機器,6971
卸売業,6973
電気機器,6976
電気機器,6977
電気機器,6981
輸送用機器,6982
電気機器,6986
化学,6988
電気機器,6989
小売業,6993
電気機器,6994
輸送用機器,6995
電気機器,6996
電気機器,6997
電気機器,6998
電気機器,6999
機械,7003
機械,7004
機械,7011
輸送用機器,7012
機械,7013
輸送用機器,7014
輸送用機器,7018
機械,7021
機械,7022
サービス業,7030
サービス業,7031
サービス業,7033
サービス業,7034
サービス業,7035
サービス業,7036
サービス業,7037
サービス業,7038
サービス業,7039
サービス業,7040
サービス業,7041
サービス業,7042
サービス業,7043
サービス業,7044
サービス業,7046
サービス業,7047
サービス業,7048
サービス業,7049
サービス業,7050
サービス業,7056
サービス業,7057
サービス業,7058
サービス業,7059
サービス業,7060
サービス業,7061
サービス業,7062
サービス業,7063
サービス業,7064
サービス業,7065
サービス業,7066
サービス業,7067
サービス業,7068
サービス業,7069
サービス業,7070
サービス業,7071
サービス業,7072
サービス業,7073
サービス業,7074
サービス業,7075
サービス業,7077
サービス業,7078
サービス業,7079
サービス業,7080
サービス業,7081
サービス業,7082
サービス業,7083
サービス業,7084
サービス業,7085
サービス業,7086
サービス業,7087
サービス業,7088
サービス業,7089
サービス業,7090
サービス業,7091
サービス業,7092
サービス業,7093
サービス業,7094
サービス業,7095
サービス業,7096
サービス業,7097
サービス業,7098
輸送用機器,7102
輸送用機器,7105
輸送用機器,7122
卸売業,7125
小売業,7126
小売業,7127
卸売業,7128
小売業,7129
卸売業,7130
卸売業,7131
卸売業,7132
小売業,7133
小売業,7134
小売業,7135
小売業,7136
小売業,7137
小売業,7138
卸売業,7139
小売業,7140
証券、商品先物取引業,7148
銀行業,7150
保険業,7157
銀行業,7161
証券、商品先物取引業,7162
その他金融業,7164
銀行業,7167
保険業,7169
保険業,7170
証券、商品先物取引業,7172
銀行業,7173
証券、商品先物取引業,7175
証券、商品先物取引業,7176
証券、商品先物取引業,7177
銀行業,7180
保険業,7181
銀行業,7182
その他金融業,7183
銀行業,7184
証券、商品先物取引業,7185
銀行業,7186
その他金融業,7187
銀行業,7189
その他金融業,7191
その他金融業,7192
その他金融業,7196
その他金融業,7198
その他金融業,7199
輸送用機器,7201
輸送用機器,7202
輸送用機器,7203
輸送用機器,7205
輸送用機器,7208
輸送用機器,7211
輸送用機器,7212
輸送用機器,7213
輸送用機器,7214
輸送用機器,7215
輸送用機器,7217
輸送用機器,7218
輸送用機器,7219
輸送用機器,7220
輸送用機器,7222
輸送用機器,7224
輸送用機器,7226
輸送用機器,7228
輸送用機器,7229
輸送用機器,7231
輸送用機器,7235
輸送用機器,7236
輸送用機器,7238
輸送用機器,7239
輸送用機器,7240
輸送用機器,7241
輸送用機器,7242
電気機器,7244
輸送用機器,7245
輸送用機器,7246
輸送用機器,7247
輸送用機器,7250
輸送用機器,7254
輸送用機器,7255
輸送用機器,7256
輸送用機器,7259
輸送用機器,7261
輸送用機器,7264
輸送用機器,7265
輸送用機器,7266
輸送用機器,7267
輸送用機器,7268
輸送用機器,7269
輸送用機器,7270
輸送用機器,7271
輸送用機器,7272
輸送用機器,7273
電気機器,7276
輸送用機器,7277
輸送用機器,7278
輸送用機器,7279
電気機器,7280
輸送用機器,7282
輸送用機器,7283
輸送用機器,7284
輸送用機器,7287
輸送用機器,7291
輸送用機器,7292
輸送用機器,7294
輸送用機器,7296
輸送用機器,7297
輸送用機器,7298
輸送用機器,7299
鉄鋼,7305
輸送用機器,7309
輸送用機器,7313
輸送用機器,7314
輸送用機器,7315
輸送用機器,7317
輸送用機器,7318
その他金融業,7320
銀行業,7322
保険業,7325
保険業,7326
銀行業,7327
銀行業,7337
証券、商品先物取引業,7338
保険業,7339
証券、商品先物取引業,7342
保険業,7343
その他金融業,7345
証券、商品先物取引業,7347
銀行業,7350
サービス業,7351
サービス業,7352
サービス業,7353
サービス業,7354
サービス業,7355
サービス業,7356
サービス業,7357
サービス業,7358
サービス業,7359
サービス業,7360
サービス業,7361
サービス業,7362
サービス業,7363
サービス業,7364
サービス業,7366
サービス業,7367
サービス業,7368
サービス業,7369
サービス業,7370
サービス業,7371
サービス業,7372
サービス業,7373
サービス業,7374
サービス業,7375
サービス業,7376
サービス業,7377
サービス業,7378
サービス業,7379
銀行業,7380
銀行業,7381
その他金融業,7383
銀行業,7384
輸送用機器,7399
輸送用機器,7408
小売業,7412
卸売業,7413
卸売業,7414
小売業,7416
卸売業,7417
小売業,7419
卸売業,7420
小売業,7421
卸売業,7422
卸売業,7425
卸売業,7426
卸売業,7427
卸売業,7433
卸売業,7434
卸売業,7435
卸売業,7438
卸売業,7442
卸売業,7443
卸売業,7444
小売業,7445
卸売業,7446
卸売業,7447
小売業,7450
卸売業,7451
小売業,7453
小売業,7455
卸売業,7456
卸売業,7458
卸売業,7459
卸売業,7460
卸売業,7461
小売業,7462
小売業,7463
卸売業,7464
卸売業,7466
卸売業,7467
卸売業,7472
小売業,7475
卸売業,7476
卸売業,7477
卸売業,7480
卸売業,7481
卸売業,7482
卸売業,7483
卸売業,7486
卸売業,7487
卸売業,7490
小売業,7494
卸売業,7500
卸売業,7501
サービス業,7502
卸売業,7504
卸売業,7505
小売業,7506
小売業,7508
小売業,7509
卸売業,7510
小売業,7512
小売業,7513
小売業,7514
小売業,7515
小売業,7516
情報・通信業,7518
小売業,7520
卸売業,7521
小売業,7522
小売業,7523
小売業,7524
卸売業,7525
情報・通信業,7527
卸売業,7531
小売業,7532
卸売業,7537
卸売業,7538
卸売業,7539
小売業,7544
小売業,7545
小売業,7550
輸送用機器,7551
卸売業,7552
小売業,7554
卸売業,7555
卸売業,7559
小売業,7561
小売業,7562
小売業,7564
卸売業,7565
卸売業,7567
卸売業,7570
小売業,7571
卸売業,7575
小売業,7578
小売業,7581
小売業,7585
卸売業,7590
小売業,7593
情報・通信業,7595
小売業,7596
卸売業,7599
精密機器,7600
小売業,7601
卸売業,7602
小売業,7603
小売業,7604
小売業,7605
小売業,7606
卸売業,7607
卸売業,7608
卸売業,7609
小売業,7610
小売業,7611
卸売業,7613
小売業,7614
小売業,7615
小売業,7616
小売業,7618
卸売業,7619
小売業,7621
小売業,7623
卸売業,7624
小売業,7625
卸売業,7628
小売業,7630
卸売業,7634
卸売業,7635
小売業,7636
卸売業,7637
小売業,7638
小売業,7640
小売業,7643
小売業,7646
小売業,7647
小売業,7649
卸売業,7670
小売業,7671
卸売業,7673
小売業,7674
小売業,7676
卸売業,7677
小売業,7678
小売業,7679
小売業,7680
卸売業,7681
小売業,7682
小売業,7683
卸売業,7685
卸売業,7686
卸売業,7687
卸売業,7689
卸売業,7690
小売業,7691
小売業,7692
卸売業,7693
小売業,7694
小売業,7695
卸売業,7698
卸売業,7699
精密機器,7701
精密機器,7702
精密機器,7705
精密機器,7707
精密機器,7709
精密機器,7711
精密機器,7713
精密機器,7715
精密機器,7716
精密機器,7717
機械,7718
精密機器,7719
精密機器,7721
精密機器,7722
精密機器,7723
精密機器,7725
機械,7726
精密機器,7727
精密機器,7729
精密機器,7730
精密機器,7731
精密機器,7732
精密機器,7733
精密機器,7734
電気機器,7735
電気機器,7739
精密機器,7740
精密機器,7741
精密機器,7743
精密機器,7744
精密機器,7745
精密機器,7746
精密機器,7747
精密機器,7749
電気機器,7751
電気機器,7752
精密機器,7760
精密機器,7762
精密機器,7769
精密機器,7771
精密機器,7774
精密機器,7775
精密機器,7776
精密機器,7777
精密機器,7779
精密機器,7780
精密機器,7781
精密機器,7782
その他製品,7790
その他製品,7791
その他製品,7792
その他製品,7793
その他製品,7800
その他製品,7803
その他製品,7804
その他製品,7805
その他製品,7806
その他製品,7807
その他製品,7808
その他製品,7809
その他製品,7810
その他製品,7811
その他製品,7812
その他製品,7813
その他製品,7814
その他製品,7815
その他製品,7816
その他製品,7817
その他製品,7818
その他製品,7819
その他製品,7820
その他製品,7821
その他製品,7822
その他製品,7823
その他製品,7826
その他製品,7827
その他製品,7829
その他製品,7831
その他製品,7832
その他製品,7833
その他製品,7836
その他製品,7837
その他製品,7838
その他製品,7839
その他製品,7840
その他製品,7841
情報・通信業,7844
その他製品,7846
その他製品,7847
情報・通信業,7849
その他製品,7850
その他製品,7851
その他製品,7856
その他製品,7857
その他製品,7859
情報・通信業,7860
その他製品,7863
その他製品,7864
その他製品,7865
その他製品,7867
その他製品,7868
化学,7871
その他製品,7872
化学,7874
その他製品,7875
化学,7877
その他製品,7878
その他製品,7879
その他製品,7883
その他製品,7885
化学,7886
その他製品,7887
化学,7888
その他製品,7893
化学,7895
その他製品,7896
その他製品,7897
その他製品,7898
化学,7899
その他製品,7901
その他製品,7902
その他製品,7905
その他製品,7906
化学,7908
その他製品,7911
その他製品,7912
その他製品,7914
その他製品,7915
その他製品,7916
化学,7917
小売業,7918
その他製品,7919
その他製品,7921
その他製品,7922
その他製品,7923
化学,7925
化学,7927
化学,7928
化学,7931
その他製品,7932
その他製品,7936
その他製品,7937
その他製品,7938
その他製品,7939
化学,7940
化学,7942
ガラス・土石製品,7943
その他製品,7944
その他製品,7945
その他製品,7946
化学,7947
その他製品,7949
その他製品,7951
その他製品,7952
その他製品,7953
その他製品,7955
その他製品,7956
その他製品,7957
化学,7958
その他製品,7961
その他製品,7962
その他製品,7963
電気機器,7965
その他製品,7966
化学,7970
化学,7971
その他製品,7972
その他製品,7974
その他製品,7975
その他製品,7976
精密機器,7979
その他製品,7980
その他製品,7981
その他製品,7983
その他製品,7984
金属製品,7985
その他製品,7986
その他製品,7987
化学,7988
金属製品,7989
その他製品,7990
機械,7991
その他製品,7992
その他製品,7994
化学,7995
その他製品,7997
電気機器,7999
卸売業,8001
卸売業,8002
小売業,8005
卸売業,8006
卸売業,8007
小売業,8008
繊維製品,8011
卸売業,8012
繊維製品,8013
卸売業,8014
卸売業,8015
繊維製品,8016
卸売業,8018
卸売業,8020
その他製品,8022
卸売業,8023
卸売業,8025
繊維製品,8029
卸売業,8030
卸売業,8031
卸売業,8032
電気機器,8035
卸売業,8037
卸売業,8038
卸売業,8039
繊維製品,8040
卸売業,8041
卸売業,8043
卸売業,8045
卸売業,8046
精密機器,8050
卸売業,8051
卸売業,8052
卸売業,8053
情報・通信業,8056
卸売業,8057
卸売業,8058
卸売業,8059
卸売業,8060
卸売業,8061
卸売業,8065
卸売業,8066
卸売業,8068
卸売業,8070
卸売業,8072
卸売業,8074
卸売業,8075
卸売業,8077
卸売業,8078
卸売業,8079
卸売業,8081
卸売業,8084
卸売業,8085
精密機器,8086
卸売業,8088
卸売業,8089
卸売業,8091
卸売業,8093
卸売業,8095
情報・通信業,8096
卸売業,8097
卸売業,8098
卸売業,8101
卸売業,8103
卸売業,8104
卸売業,8105
繊維製品,8107
繊維製品,8111
化学,8113
繊維製品,8114
卸売業,8115
卸売業,8117
繊維製品,8118
卸売業,8119
卸売業,8123
卸売業,8125
繊維製品,8127
卸売業,8129
卸売業,8130
卸売業,8131
卸売業,8132
卸売業,8133
卸売業,8135
卸売業,8136
卸売業,8137
卸売業,8138
卸売業,8139
卸売業,8140
卸売業,8141
卸売業,8142
繊維製品,8143
卸売業,8144
卸売業,8147
卸売業,8150
卸売業,8151
卸売業,8152
卸売業,8153
卸売業,8154
金属製品,8155
情報・通信業,8157
卸売業,8158
卸売業,8159
小売業,8160
小売業,8163
小売業,8165
小売業,8166
小売業,8167
小売業,8168
小売業,8173
小売業,8174
小売業,8179
小売業,8181
小売業,8182
小売業,8185
小売業,8194
小売業,8198
小売業,8200
小売業,8202
小売業,8203
小売業,8207
小売業,8208
小売業,8209
小売業,8214
小売業,8215
小売業,8217
小売業,8218
小売業,8219
卸売業,8225
卸売業,8226
小売業,8227
小売業,8230
小売業,8233
小売業,8237
小売業,8242
小売業,8244
小売業,8247
卸売業,8249
小売業,8252
その他金融業,8253
小売業,8254
小売業,8255
卸売業,8256
小売業,8260
小売業,8267
小売業,8273
卸売業,8275
小売業,8276
小売業,8278
小売業,8279
小売業,8281
小売業,8282
卸売業,8283
卸売業,8285
小売業,8289
小売業,8291
銀行業,8303
銀行業,8304
銀行業,8306
銀行業,8308
銀行業,8309
銀行業,8316
銀行業,8331
銀行業,8334
銀行業,8336
銀行業,8337
銀行業,8338
銀行業,8341
銀行業,8343
銀行業,8344
銀行業,8345
銀行業,8346
銀行業,8349
銀行業,8354
銀行業,8355
銀行業,8358
銀行業,8359
銀行業,8360
銀行業,8361
銀行業,8362
銀行業,8364
銀行業,8365
銀行業,8366
銀行業,8367
銀行業,8368
銀行業,8369
銀行業,8370
銀行業,8377
銀行業,8381
銀行業,8382
銀行業,8383
銀行業,8385
銀行業,8386
銀行業,8387
銀行業,8388
銀行業,8392
銀行業,8393
銀行業,8395
銀行業,8399
銀行業,8410
銀行業,8411
銀行業,8416
銀行業,8418
その他金融業,8424
その他金融業,8425
その他金融業,8439
証券、商品先物取引業,8462
証券、商品先物取引業,8473
その他金融業,8508
その他金融業,8511
その他金融業,8515
証券、商品先物取引業,8518
銀行業,8521
銀行業,8522
銀行業,8524
銀行業,8527
銀行業,8530
銀行業,8537
銀行業,8541
銀行業,8542
銀行業,8544
銀行業,8550
銀行業,8551
銀行業,8558
銀行業,8562
銀行業,8563
その他金融業,8566
その他金融業,8570
その他金融業,8572
その他金融業,8584
その他金融業,8585
その他金融業,8591
その他金融業,8593
証券、商品先物取引業,8595
その他金融業,8596
銀行業,8600
証券、商品先物取引業,8601
証券、商品先物取引業,8604
証券、商品先物取引業,8609
証券、商品先物取引業,8613
証券、商品先物取引業,8614
証券、商品先物取引業,8616
証券、商品先物取引業,8617
証券、商品先物取引業,8622
証券、商品先物取引業,8624
証券、商品先物取引業,8628
保険業,8630
その他金融業,8697
証券、商品先物取引業,8698
証券、商品先物取引業,8699
証券、商品先物取引業,8700
証券、商品先物取引業,8704
証券、商品先物取引業,8705
証券、商品先物取引業,8706
証券、商品先物取引業,8707
証券、商品先物取引業,8708
銀行業,8713
銀行業,8714
保険業,8715
保険業,8725
証券、商品先物取引業,8732
証券、商品先物取引業,8737
証券、商品先物取引業,8739
証券、商品先物取引業,8742
証券、商品先物取引業,8746
証券、商品先物取引業,8747
保険業,8750
保険業,8766
サービス業,8769
その他金融業,8771
その他金融業,8772
その他金融業,8783
その他金融業,8789
その他金融業,8793
保険業,8795
保険業,8798
不動産業,8801
不動産業,8802
不動産業,8803
不動産業,8804
不動産業,8818
不動産業,8830
卸売業,8835
不動産業,8836
不動産業,8841
不動産業,8842
不動産業,8844
不動産業,8848
不動産業,8850
不動産業,8854
不動産業,8860
不動産業,8864
不動産業,8869
不動産業,8871
サービス業,8876
不動産業,8877
不動産業,8881
不動産業,8886
不動産業,8887
不動産業,8889
不動産業,8890
不動産業,8891
不動産業,8892
不動産業,8893
不動産業,8894
不動産業,8897
不動産業,8898
不動産業,8903
不動産業,8904
不動産業,8905
不動産業,8908
不動産業,8909
不動産業,8912
不動産業,8914
不動産業,8917
不動産業,8918
不動産業,8919
サービス業,8920
不動産業,8921
不動産業,8923
不動産業,8925
不動産業,8927
不動産業,8928
不動産業,8929
不動産業,8931
不動産業,8934
不動産業,8935
不動産業,8938
不動産業,8940
不動産業,8944
不動産業,8945
不動産業,8946
不動産業,8995
不動産業,8999
陸運業,9001
陸運業,9003
陸運業,9005
陸運業,9006
陸運業,9007
陸運業,9008
陸運業,9009
陸運業,9010
陸運業,9012
陸運業,9014
陸運業,9017
陸運業,9020
陸運業,9021
陸運業,9022
陸運業,9024
陸運業,9025
陸運業,9028
陸運業,9029
陸運業,9031
陸運業,9033
陸運業,9034
陸運業,9036
陸運業,9037
陸運業,9039
陸運業,9041
陸運業,9042
陸運業,9044
陸運業,9045
陸運業,9046
陸運業,9048
陸運業,9049
陸運業,9051
陸運業,9052
陸運業,9055
陸運業,9057
倉庫・運輸関連業,9058
陸運業,9059
陸運業,9060
陸運業,9063
陸運業,9064
陸運業,9065
倉庫・運輸関連業,9066
陸運業,9067
陸運業,9068
陸運業,9069
陸運業,9070
陸運業,9072
陸運業,9073
陸運業,9074
陸運業,9075
陸運業,9076
陸運業,9078
陸運業,9081
陸運業,9082
陸運業,9083
陸運業,9086
陸運業,9087
陸運業,9090
陸運業,9099
海運業,9101
海運業,9104
海運業,9107
海運業,9110
海運業,9115
海運業,9119
海運業,9127
海運業,9130
陸運業,9142
陸運業,9143
陸運業,9145
陸運業,9146
陸運業,9147
海運業,9171
海運業,9173
倉庫・運輸関連業,9193
空運業,9201
空運業,9202
空運業,9206
サービス業,9211
サービス業,9212
サービス業,9213
サービス業,9214
サービス業,9215
サービス業,9216
サービス業,9218
サービス業,9219
サービス業,9220
サービス業,9221
サービス業,9222
サービス業,9224
サービス業,9225
空運業,9232
空運業,9233
サービス業,9240
サービス業,9241
サービス業,9242
サービス業,9243
サービス業,9244
サービス業,9245
サービス業,9246
サービス業,9247
サービス業,9248
サービス業,9249
サービス業,9250
サービス業,9251
サービス業,9252
サービス業,9253
サービス業,9254
サービス業,9256
サービス業,9257
サービス業,9258
サービス業,9259
卸売業,9260
小売業,9262
小売業,9263
卸売業,9264
卸売業,9265
小売業,9267
卸売業,9268
卸売業,9270
小売業,9271
サービス業,9272
卸売業,9273
卸売業,9274
小売業,9275
小売業,9276
小売業,9278
小売業,9279
倉庫・運輸関連業,9301
倉庫・運輸関連業,9302
倉庫・運輸関連業,9303
倉庫・運輸関連業,9304
卸売業,9305
倉庫・運輸関連業,9306
倉庫・運輸関連業,9307
海運業,9308
倉庫・運輸関連業,9310
倉庫・運輸関連業,9311
倉庫・運輸関連業,9312
倉庫・運輸関連業,9313
証券、商品先物取引業,9318
倉庫・運輸関連業,9319
倉庫・運輸関連業,9322
倉庫・運輸関連業,9324
倉庫・運輸関連業,9325
倉庫・運輸関連業,9326
倉庫・運輸関連業,9327
倉庫・運輸関連業,9351
倉庫・運輸関連業,9353
倉庫・運輸関連業,9355
情報・通信業,9360
倉庫・運輸関連業,9361
倉庫・運輸関連業,9362
倉庫・運輸関連業,9363
倉庫・運輸関連業,9364
倉庫・運輸関連業,9365
倉庫・運輸関連業,9366
倉庫・運輸関連業,9367
倉庫・運輸関連業,9368
倉庫・運輸関連業,9369
倉庫・運輸関連業,9375
サービス業,9376
倉庫・運輸関連業,9377
倉庫・運輸関連業,9380
倉庫・運輸関連業,9381
倉庫・運輸関連業,9384
化学,9385
倉庫・運輸関連業,9386
倉庫・運輸関連業,9388
情報・通信業,9399
情報・通信業,9401
情報・通信業,9404
情報・通信業,9405
情報・通信業,9408
情報・通信業,9409
情報・通信業,9412
情報・通信業,9413
情報・通信業,9414
情報・通信業,9416
情報・通信業,9417
情報・通信業,9418
情報・通信業,9419
情報・通信業,9421
情報・通信業,9422
情報・通信業,9423
情報・通信業,9424
情報・通信業,9425
情報・通信業,9428
情報・通信業,9432
情報・通信業,9433
情報・通信業,9434
情報・通信業,9435
情報・通信業,9436
情報・通信業,9438
サービス業,9439
情報・通信業,9441
情報・通信業,9444
情報・通信業,9445
情報・通信業,9446
情報・通信業,9449
情報・通信業,9450
情報・通信業,9465
情報・通信業,9466
情報・通信業,9467
情報・通信業,9468
情報・通信業,9470
情報・通信業,9474
情報・通信業,9475
情報・通信業,9476
情報・通信業,9478
情報・通信業,9479
電気・ガス業,9501
電気・ガス業,9502
電気・ガス業,9503
電気・ガス業,9504
電気・ガス業,9505
電気・ガス業,9506
電気・ガス業,9507
電気・ガス業,9508
電気・ガス業,9509
電気・ガス業,9511
電気・ガス業,9513
電気・ガス業,9514
電気・ガス業,9517
電気・ガス業,9519
電気・ガス業,9522
電気・ガス業,9531
電気・ガス業,9532
電気・ガス業,9533
電気・ガス業,9534
電気・ガス業,9535
電気・ガス業,9536
電気・ガス業,9537
電気・ガス業,9539
電気・ガス業,9543
電気・ガス業,9551
情報・通信業,9600
情報・通信業,9601
情報・通信業,9602
サービス業,9603
情報・通信業,9605
サービス業,9610
サービス業,9612
情報・通信業,9613
サービス業,9616
サービス業,9619
サービス業,9621
サービス業,9622
サービス業,9625
小売業,9627
サービス業,9628
情報・通信業,9629
サービス業,9631
サービス業,9632
サービス業,9633
サービス業,9635
サービス業,9636
サービス業,9637
サービス業,9639
情報・通信業,9640
サービス業,9641
サービス業,9644
サービス業,9647
情報・通信業,9651
サービス業,9656
情報・通信業,9658
サービス業,9661
サービス業,9663
サービス業,9672
サービス業,9675
サービス業,9678
サービス業,9679
情報・通信業,9682
情報・通信業,9684
情報・通信業,9685
サービス業,9686
情報・通信業,9687
情報・通信業,9691
情報・通信業,9692
サービス業,9696
情報・通信業,9697
情報・通信業,9698
サービス業,9699
サービス業,9701
情報・通信業,9702
サービス業,9704
不動産業,9706
サービス業,9708
情報・通信業,9709
サービス業,9713
サービス業,9715
サービス業,9716
情報・通信業,9717
情報・通信業,9719
サービス業,9720
サービス業,9722
サービス業,9723
サービス業,9726
サービス業,9728
サービス業,9729
サービス業,9731
サービス業,9733
サービス業,9734
サービス業,9735
情報・通信業,9739
サービス業,9740
情報・通信業,9742
サービス業,9743
サービス業,9744
情報・通信業,9746
情報・通信業,9749
情報・通信業,9753
サービス業,9755
サービス業,9757
情報・通信業,9759
サービス業,9760
サービス業,9761
卸売業,9763
サービス業,9765
情報・通信業,9766
サービス業,9767
サービス業,9768
サービス業,9769
サービス業,9776
サービス業,9778
サービス業,9780
サービス業,9782
サービス業,9783
サービス業,9787
サービス業,9788
情報・通信業,9790
サービス業,9791
サービス業,9793
サービス業,9795
情報・通信業,9799
卸売業,9810
卸売業,9812
不動産業,9816
卸売業,9818
不動産業,9820
小売業,9823
卸売業,9824
卸売業,9827
小売業,9828
卸売業,9830
小売業,9831
卸売業,9832
小売業,9835
卸売業,9837
小売業,9842
小売業,9843
化学,9845
小売業,9846
卸売業,9849
小売業,9850
卸売業,9852
小売業,9853
小売業,9854
小売業,9856
卸売業,9857
小売業,9861
卸売業,9867
卸売業,9869
卸売業,9872
小売業,9873
小売業,9876
小売業,9878
卸売業,9880
卸売業,9882
卸売業,9885
小売業,9887
卸売業,9888
情報・通信業,9889
小売業,9890
卸売業,9895
卸売業,9896
小売業,9900
卸売業,9902
小売業,9903
小売業,9904
卸売業,9906
卸売業,9908
卸売業,9913
卸売業,9914
小売業,9919
小売業,9927
情報・通信業,9928
卸売業,9929
卸売業,9930
卸売業,9932
卸売業,9934
小売業,9936
卸売業,9941
小売業,9945
小売業,9946
小売業,9948
小売業,9950
卸売業,9955
小売業,9956
小売業,9959
卸売業,9960
卸売業,9962
卸売業,9964
卸売業,9967
小売業,9969
卸売業,9972
小売業,9973
小売業,9974
小売業,9976
小売業,9977
小売業,9978
小売業,9979
小売業,9980
卸売業,9982
小売業,9983
情報・通信業,9984
卸売業,9986
卸売業,9987
小売業,9989
小売業,9990
卸売業,9991
小売業,9993
小売業,9994
卸売業,9995
卸売業,9996
小売業,9997
